{"cameraMode":{"drawMode":0,"name":"Shaded","section":"Shading Mode"},"sceneLighting":true,"audioPlay":false,"sceneViewState":{"m_AlwaysRefresh":false,"showFog":true,"showSkybox":true,"showFlares":true,"showImageEffects":true,"showParticleSystems":true,"showVisualEffectGraphs":true,"m_FxEnabled":true},"in2DMode":false,"pivot":{"x":-0.2859853506088257,"y":6.725992202758789,"z":-0.08801150321960449},"rotation":{"x":-0.03800750896334648,"y":0.8650324940681458,"z":-0.4958590567111969,"w":-0.06630434095859528},"size":9.292987823486329,"orthographic":false}