{"cameraMode":{"drawMode":0,"name":"Shaded","section":"Shading Mode"},"sceneLighting":false,"audioPlay":false,"sceneViewState":{"m_AlwaysRefresh":false,"showFog":true,"showSkybox":false,"showFlares":true,"showImageEffects":true,"showParticleSystems":true,"showVisualEffectGraphs":true,"m_FxEnabled":true},"in2DMode":false,"pivot":{"x":1.1703619956970215,"y":0.5673431158065796,"z":0.830793023109436},"rotation":{"x":0.2712443470954895,"y":0.41636204719543459,"z":-0.13162067532539369,"w":0.8576700687408447},"size":1.9272981882095338,"orthographic":false}